,league,earnings,players,tournaments,events
0,4PL All or Nothing,11022.2,30,9,2
1,4PL Close Combat Cup,25699.63,92,99,1
2,4PL Play4Dota2,8753.3,14,18,1
3,4PL Play4Fame,21068.51,91,39,1
4,4PL Team Action Cup,3524.14,28,38,1
5,Call of Duty Challengers,364550.0,127,13,10
6,Call of Duty League,5853000.0,76,19,3
7,COD World League,11107484.32,411,61,32
8,CWL Championship,9025000.0,279,6,6
9,Afreeca PUBG League,384361.3,177,11,3
10,Afreeca Starleague,502652.4,66,9,9
11,Afreeca Warcraft III League,92919.25,22,10,10
12,Afreeca World Invitational,12516.01,81,57,1
13,HotS League: REVIVAL,63028.64,27,4,4
14,Alibaba Invitational,1000.0,4,1,1
15,World Electronic Sports Games,12902674.21,2207,301,31
16,ASUS Cup,1402362.52,1215,204,46
17,ASUS ROG - Paris Games Week,91759.09,102,5,5
18,BTS Dota,2457794.0,395,34,20
19,BTS Overwatch Cup,10000.0,18,1,1
20,cs_summit,949500.0,198,7,6
21,Rocket League Summit,50000.0,24,4,1
22,Smash Summit,564270.54,73,36,11
23,Blizzard Worldwide Invitational,201000.0,25,8,4
24,BlizzCon,13039850.0,902,63,28
25,Copa América,437825.0,211,64,7
26,Hearthstone Championship Tour,5716291.74,623,55,33
27,Hearthstone Global Games,812600.0,336,3,3
28,Hearthstone GrandMasters,1113250.0,58,16,4
29,Hearthstone Masters Tour,3500000.0,416,7,7
30,Hearthstone Wild Open,78000.0,23,3,3
31,Heroes Global Championship,10991982.95,491,62,14
32,Korea StarCraft League,283040.0,32,4,4
33,Master Monthly Cup,15000.0,10,3,3
34,Overwatch Contenders,6649121.0,1514,61,13
35,Overwatch League,8725000.0,248,12,3
36,Overwatch Premier Series,843842.58,274,6,3
37,Overwatch World Cup,1341000.0,523,13,7
38,Road to Blizzcon,1008409.67,451,26,7
39,StarCraft II World Championship Series,10072574.42,669,174,96
40,WoW Arena Cup,262000.0,102,31,3
41,Capcom Cup,1290000.0,47,5,5
42,Capcom Pro Tour,1239000.65,134,68,3
43,DreamHack,23467885.7,4639,578,120
44,DreamHack Dota 2 Weekly,9326.55,188,24,1
45,Nordic Championship,210598.95,179,14,7
46,Swedish E-Sports Championships,292698.54,154,28,13
47,FIFA eNations Cup,100000.0,39,1,1
48,FIFA eWorld Cup,1150000.0,96,5,5
49,FIFA Global Series,1002000.0,200,4,3
50,FIFA ONLINE Champions Cup,2044112.5,139,7,7
51,FIFA Ultimate Team Championship,3160000.0,326,33,19
52,Madden NFL Championship Series,1050000.0,42,5,5
53,ESL African Championship,158547.0,70,8,2
54,ESL Belgian Championship,44700.02,76,4,2
55,ESL Black Monster Cup,133803.94,151,9,5
56,ESL Brasil Premier League,82041.65,220,15,11
57,ESL Bulgarian Championships,3819.42,11,3,1
58,ESL Challenger League R6S,174000.0,254,9,3
59,ESL Clash Royale Mobcrush,54.86,1,1,1
60,ESL Counter-Strike Champions League,16534.29,45,3,1
61,ESL Dutch Championship,43758.55,82,6,3
62,ESL Euro Series,47406.6,91,9,5
63,ESL European Nations Championship,354958.04,274,25,7
64,ESL Expo Barcelona,83490.0,40,1,1
65,ESL Gears of War Pro League,120000.0,27,2,2
66,ESL Go4Artifact,2911.99,31,31,3
67,ESL Go4Battlerite,7359.17,26,32,1
68,ESL Go4BF4,26726.15,64,124,1
69,ESL Go4CoD:AW,8432.82,119,76,2
70,ESL Go4CrossFire,91724.94,231,217,1
71,ESL Go4CS:GO,100672.59,1312,489,2
72,ESL Go4Dota2,24769.06,260,60,1
73,ESL Go4Evolve,5454.95,77,29,1
74,ESL Go4FIFA,25391.38,119,312,7
75,ESL Go4GuildWars2,26005.5,61,50,2
76,ESL Go4Halo,600.0,8,3,1
77,ESL Go4Hearthstone,4166.1,49,32,1
78,ESL Go4Heroes,21998.02,258,143,2
79,ESL Go4LoL,330431.5,1841,781,7
80,ESL Go4Overwatch,44356.58,472,178,5
81,ESL Go4QC,23600.0,119,40,4
82,ESL Go4R6,1320.55,41,13,3
83,ESL Go4RocketLeague,35984.58,231,176,3
84,ESL Go4S.K.I.L.L.,3977.12,54,14,1
85,ESL Go4SC2,140506.47,174,530,1
86,ESL Go4ShardsofWar,1029.21,20,1,1
87,ESL Go4Smite,2560.18,41,22,1
88,ESL Go4TrackMania,512.77,2,3,1
89,ESL Go4WC3,6658.88,17,26,1
90,ESL Go4WoT,3018.5,157,8,2
91,ESL Go4WoW,1448.7,17,13,1
92,ESL Hearthstone Legendary Series,97400.0,51,8,4
93,ESL Heroes Major League,36800.0,75,6,3
94,ESL Heroes of the Storm Championship,500000.0,115,5,5
95,ESL Indonesia Championship,70000.0,47,2,2
96,ESL Intel Extreme Masters,12535044.35,1847,158,75
97,ESL Italia Championship,60353.09,113,12,7
98,ESL LA League,10238.0,39,2,2
99,ESL Major League,34818.61,209,10,10
100,ESL Major Series,481962.55,705,108,18
101,ESL MKX Pro League,367500.0,13,4,4
102,ESL Mobcrush Vainglory,860.55,23,10,1
103,ESL Mobile Open,220332.36,117,4,4
104,ESL Nationals Česko a Slovensko,22255.25,70,5,3
105,ESL One Series,12569241.23,911,61,41
106,ESL Open Cup,25700.0,60,113,2
107,ESL Overwatch King of the Hill,7000.0,18,7,1
108,ESL Premium Only CS:GO Cup,2265.2,36,13,2
109,ESL Premium Series,1276.5,12,21,1
110,ESL Pro European Championship,80965.5,20,1,1
111,ESL Pro League CS:GO,9044890.3,629,48,14
112,ESL Pro League R6S,2781000.0,335,29,12
113,ESL Pro Series America / National EPS,146500.0,172,11,11
114,ESL Pro Series ANZ,192079.29,237,31,17
115,ESL Pro Series Benelux / ESL Benelux Championship,101208.63,233,23,11
116,ESL Pro Series CIS,48097.33,10,3,2
117,ESL Pro Series Denmark,16590.85,38,3,3
118,ESL Pro Series France / ESL Le Championnat National,333862.0,397,53,26
119,ESL Pro Series Germany / ESL Meisterschaft,3392931.64,1932,400,92
120,ESL Pro Series India,232023.24,278,30,6
121,ESL Pro Series Poland / ESL Mistrzostwa Polski,464566.38,409,46,23
122,ESL Pro Series Scandinavia / ESL Pro Series Nordic,66616.4,70,7,4
123,ESL Pro Series Spain / ESL Masters España,242045.1,280,22,21
124,ESL Pro Series UK / ESL UK/IRE Premiership,422565.4,539,48,21
125,ESL S.K.I.L.L. Pro League,87571.83,49,2,2
126,ESL SC2 Americas Open,6050.0,45,119,1
127,ESL Sennheiser Cup,9507.32,28,34,2
128,ESL South East Europe Championship,95256.43,254,24,11
129,ESL Swiss League,20413.0,32,2,2
130,ESL Thailand Championship,56752.21,35,3,3
131,ESL Türkiye Şampiyonası,60384.29,42,6,6
132,ESL Vietnam Championship,24000.0,13,2,2
133,ESL Viking Cup,3068.86,18,31,1
134,ESL VIP Adria League,25520.21,50,3,3
135,ESL WC3L Series,149808.34,79,12,12
136,ESL Women’s Tournament,7539.2,10,1,1
137,GameGod ESL India,626.58,29,2,2
138,Intel Challenge Katowice,90000.0,45,3,3
139,Intel Grand Slam,2000000.0,10,2,2
140,National ESL Iron Lady,1575.0,12,8,2
141,Six Invitational,5700000.0,183,5,4
142,Six Major,850000.0,124,2,2
143,UK Challenge Series,3523.47,57,14,2
144,ZEN League,60850.37,59,6,1
145,Adrenaline Cyber League,500925.44,113,13,4
146,Dota 2 Champions League,517914.0,169,13,13
147,Epic Dota 2 Online Leagues,192000.0,94,3,3
148,EPICENTER,5065000.0,332,14,7
149,MegaFon Dota 2 Events,333144.0,72,4,3
150,OMEGA League,629500.0,245,5,3
151,Fortnite Cash Cup,4045475.0,1499,126,8
152,Fortnite Series,40556175.0,2536,160,11
153,Fortnite World Cup,46252500.0,1132,77,3
154,ESEA,3027728.05,6284,363,50
155,ESEA Rank G,471000.0,343,157,2
156,ESEA Rank S,1701540.0,471,358,2
157,Esports Championship Series,6195000.0,280,40,8
158,FACEIT CS:GO,1584254.75,304,25,13
159,FACEIT Pro League,2278055.0,551,268,2
160,FACEIT Pro Series: Apex Legends,50000.0,31,9,1
161,FACEIT PUBG,438800.0,92,2,1
162,FACEIT Quake Live Sunday Cup,2125.0,13,17,1
163,FACEIT Team Fortress 2,2500.0,24,1,1
164,99Damage Arena,75000.0,146,19,1
165,99damage Liga,250319.81,177,18,14
166,99Damage Masters,80000.0,58,4,4
167,joinDOTA Bigpoint Battle,29222.0,65,11,1
168,joinDOTA League,239099.05,317,31,14
169,joinDOTA Masters,87377.03,182,31,5
170,Summoner's Inn League,43705.81,92,7,4
171,Electronic Sports World Cup,3025297.24,1058,125,29
172,AOV Star League,135531.51,12,2,2
173,Arena of Glory,282670.44,52,4,4
174,Elite Challenger Series,130919.86,79,8,8
175,Garena Challenger Series,340720.68,36,3,3
176,Garena Premier League,1038000.0,250,9,9
177,Garena Star League,85157.22,15,2,2
178,HoN Tour,1961705.8,480,157,16
179,League SEA Tour,391000.0,78,7,4
180,LoL Garuda Series,120846.29,21,9,9
181,LoL Master Series,1052857.0,205,11,10
182,LoL Nova League,232113.07,93,3,3
183,Pacific Championship Series,160000.0,79,2,2
184,Pro Gaming Series,23460.66,54,9,9
185,RoV Pro League,1373797.54,85,6,6
186,Thailand Pro League,133040.4,49,12,12
187,The Legends Circuit,350751.29,135,25,13
188,Vietnam Championship Series,621869.68,201,17,17
189,Gfinity European Pro League,34351.53,26,2,2
190,Gfinity Offline Events,2421573.64,701,61,42
191,Gfinity Online,157595.17,876,449,14
192,GIGA Grandslam,26449.57,10,8,5
193,Global StarCraft II League,5753782.46,307,80,55
194,Global StarCraft II Team League,417859.63,170,10,10
195,GOMTV Classic,324435.15,34,8,8
196,Paladins Mid Season Invitational,110000.0,34,1,1
197,Paladins Premier League,200000.0,83,2,2
198,Paladins World Championship,470000.0,74,2,2
199,SMITE Pro League,1924706.95,362,35,17
200,SMITE World Championship,5940168.6,197,7,5
201,iBUYPOWER Invitational,228000.0,115,12,1
202,iBUYPOWER Masters,400000.0,87,3,3
203,Quake Pro League,265000.0,27,5,1
204,QuakeCon,2395900.0,268,62,21
205,The Gathering,234693.97,212,62,15
206,Kinguin for Charity,25000.0,17,5,5
207,Kinguin Pro League,23200.0,20,3,1
208,PES League,1057950.58,53,12,7
209,MLG GameBattles,381585.0,280,207,14
210,MLG Minor Championship,50000.0,20,1,1
211,MLG Pro Circuit,9523437.01,1335,324,93
212,MLG Pro League,591307.0,119,7,7
213,MLG Underground Smash Series,9840.0,15,4,2
214,Dota2 Professional League,1774508.9,233,12,8
215,Mars Dota 2 League,4401402.33,239,9,9
216,MBC WC3 Prime League,78006.9,12,4,4
217,MBCGame StarCraft League,1666468.42,135,23,23
218,MBCGame Warcraft 3 World War,103600.0,20,4,1
219,Gold Series Hearthstone,934348.36,190,18,17
220,Gold Series Heroes League,2828768.26,208,20,20
221,Gold Series WarCraft 3,553560.23,45,18,14
222,Golden Professional Championship - Online Events,12136.42,23,17,2
223,Golden Professional League,430380.85,105,25,25
224,Netease E-sports League,86947.53,65,3,3
225,NetEase Esports X Tournament,261085.61,137,15,7
226,Nexus Cup,124400.52,169,11,11
227,Counter-Strike Online World Championship,160000.0,38,4,4
228,Korea Dota League,357839.72,108,8,4
229,Nexon Dota 2 Events,373039.02,85,8,5
230,Battlegrounds Smash Cup,109880.0,42,2,2
231,Korea King Pro League,685500.29,80,3,3
232,National PUBG League,940000.0,90,6,6
233,National PUBG League Contenders,63000.0,59,3,1
234,OnGameNet Hearthstone,344196.0,105,11,11
235,OnGameNet Heroes Super League,517600.0,64,3,3
236,OnGameNet KartRider League,186072.0,32,12,7
237,OnGameNet LoL,1917431.52,256,12,12
238,OnGameNet Overwatch APEX,853109.65,376,10,10
239,OnGameNet StarLeague,2197412.09,223,44,37
240,OnGameNet Vainglory,237986.0,94,4,4
241,OSL Futures,70947.72,47,2,2
242,PUBG Korea Contenders,125100.0,15,3,1
243,PUBG Super League Europe,68940.0,24,1,1
244,PUBG Survival Series,317637.0,131,6,3
245,CS:GO Asia Championships,300000.0,40,1,1
246,CS:GO Asia Summit,60000.0,20,1,1
247,Dota 2 Asia Championships,4674208.0,174,4,3
248,Rocket League Championship Series,5705947.2,247,51,13
249,Rocket League Rival Series,567000.0,188,12,6
250,PUBG Asia Invitational,760546.0,93,4,2
251,PUBG Continental Series,1631300.0,417,12,3
252,PUBG Global Championship,4602576.2,282,6,2
253,PUBG Global Invitational,2586241.22,384,10,2
254,PUBG Korea League,727226.64,95,12,2
255,PUBG Master League,193996.43,87,3,1
256,PUBG Mobile Club Open,1628698.07,489,13,3
257,PUBG Nations Cup,500000.0,64,1,1
258,Red Bull Battlegrounds,390640.0,143,26,16
259,Red Bull Flick,36602.8,32,5,1
260,Red Bull pLANet One,9121.83,10,5,1
261,Red Bull Xel'Naga Finest,1640.0,9,3,1
262,BLAST Dota 2 Events,110001.0,30,1,1
263,BLAST Premier,1375000.0,127,5,1
264,BLAST Pro Series,3040000.0,107,22,11
265,Brazilian Challenger Circuit,83665.72,141,9,9
266,Campeonato Brasileiro de LoL,531166.05,170,12,12
267,Clan Battle,11817.0,21,5,1
268,European Masters,1031091.75,285,6,6
269,International Invitational Tournament,53329.94,50,4,4
270,La Ligue Française,99780.0,59,3,3
271,Latin America Cup,481454.85,114,32,8
272,League Championship Korea,3112573.21,223,12,12
273,League European Championship,903320.0,61,4,4
274,Liga Latinoamérica,202013.74,45,4,4
275,LoL Academy League,150000.0,73,6,6
276,LoL Challenger Series,1147205.68,359,34,8
277,LoL Championship Series,4134626.0,212,28,16
278,LoL Continental League,830546.46,121,15,15
279,LoL World Championship,27417645.79,544,13,10
280,Mid-Season Invitational,4560520.01,225,6,6
281,Oceanic Pro League,194368.8,55,8,8
282,Open Tour France / Challenge France,160527.38,92,11,5
283,Premier Tour,456870.76,100,11,6
284,Rift Rivals,819500.0,325,9,3
285,Turkish Champions League,221854.43,89,7,7
286,Turkish Promotion League / Challenger Series,72299.72,126,6,6
287,SPOTV KartRider League,381294.35,59,8,6
288,SPOTV PUBG Warfare Masters,174990.0,134,2,2
289,SPOTV SSL Classic,27559.0,8,1,1
290,SPOTV StarCraft II StarLeague,578325.84,55,11,7
291,PUBG Europe League,1050000.0,68,4,4
292,StarLadder,1532499.0,263,16,13
293,StarLadder & i-League Invitational,1499500.0,231,8,7
294,StarLadder & i-League StarSeries,4834786.0,560,20,13
295,StarLadder ProSeries,74768.0,475,41,27
296,StarLadder SemiSeries,3126.4,10,2,2
297,StarLadder StarSeries,1692923.0,508,48,18
298,Acer Predator Masters,130000.0,46,3,3
299,Acer TeamStory Cup,60000.0,45,3,1
300,DraftStory Cup,20000.0,13,2,2
301,Gentlemen Cup,7000.0,19,1,1
302,HomeStory Cup,398456.83,107,25,23
303,Overwatch TaKeOver,55000.0,41,2,2
304,SeatStory Cup,200000.0,58,11,10
305,TaKeTV Penthouse Party,17400.0,20,4,4
306,Arena of Valor International Championship,1060000.0,88,5,2
307,Arena of Valor World Cup,1008000.0,71,3,2
308,Crossfire Stars,3240000.0,241,20,14
309,Demacia Cup,1219376.32,96,11,11
310,Honor of Kings Champion Cup,4195754.19,103,4,4
311,King Pro League,4204322.98,42,3,3
312,LoL Pro League,7029606.96,286,16,16
313,LoL Secondary Pro League / LoL Development League,1189073.72,211,14,14
314,Tencent Games Arena,449441.44,88,13,13
315,Valor Series,474000.0,54,8,3
316,ELEAGUE,8628200.0,464,18,17
317,UMG Gaming,299650.21,126,15,15
318,UMG Online,329149.0,127,53,3
319,CS:GO Major Championships,9750000.0,295,15,15
320,CS:GO Minor Championships,1550000.0,276,31,8
321,CS:GO Regional Major Rankings,647000.0,312,11,1
322,Dota2 Major Championships,31500000.0,324,21,21
323,Dota2 Minor Championships,6400000.0,295,21,21
324,The International,140855722.05,268,10,9
325,Wargaming.net League,2218537.35,167,15,15
326,World Cyber Games,5128229.96,903,192,35
327,World Cyber Games National Qualifiers,783869.55,571,81,43
328,ZOTAC Cup,377194.49,574,1344,16
329,125 FPS,22696.44,44,115,25
330,360icons,3600.0,0,15,1
331,A1 eSports League Austria,67741.09,67,6,4
332,Alienware Arena,25756.92,102,10,9
333,Alpha X,5778.85,76,52,3
334,ALT Gaming League,2150.0,16,5,5
335,Anime Ascension,7358.0,23,3,1
336,AnimEVO,20975.29,133,44,2
337,Antec Attack,6696.3,23,26,1
338,AoEZone Events,7329.0,28,2,1
339,Aorus League,43093.02,115,20,5
340,Apex,143120.89,206,56,7
341,Apex Legends Global Series,756000.0,420,48,7
342,Arbalet Cup,348950.0,263,30,22
343,Arena Gaming League,51600.0,28,7,5
344,Argeking,978.52,10,4,3
345,Arma Cup,37553.7,33,14,1
346,Artifact Bitcoin League,8590.0,57,8,1
347,Artifact Open Circuit,700.0,19,4,1
348,Ascended Star League,18392.25,72,28,7
349,Asia Communication League,70189.0,32,2,1
350,Asian DOTA2 Gold Occupation Invitational Competition,303410.8,60,11,1
351,Asian Games,0.0,48,6,1
352,ASSEMBLY,794918.33,683,126,30
353,Association of Gaming Professionals,72496.0,78,16,7
354,Atlantic Lan,5197.21,28,2,2
355,Australian Cyber League,63888.34,128,30,12
356,Balkan Championship,6547.0,46,3,3
357,BaseTradeTV Showmatch,6841.97,33,22,13
358,BaseTradeTV: Money $peak$,3165.0,35,26,12
359,Battleriff Pro League,59500.0,91,8,8
360,Bay Area Monthlies,405.0,7,2,1
361,BEAT Invitational,33300.0,103,5,5
362,Beyond Entertainment,74500.0,75,49,3
363,BMW 120,16800.0,19,4,1
364,Brawlhalla World Championship,250600.0,59,8,3
365,Broad Street Battle,8064.0,69,47,7
366,Bud Light Beer League,25000.0,33,22,2
367,Bullet Chess Championship,15150.0,18,4,1
368,Canada Cup Gaming,94927.29,182,52,7
369,Cap Arena,11724.51,35,3,1
370,Captains Draft,737561.0,95,4,4
371,CFL Smackdown,18306.41,55,121,4
372,CGC @ SFSU,570.0,9,2,1
373,Challenge Cup,29412.0,25,4,1
374,Challengestone,12000.0,14,4,4
375,Championship Gaming Series,2294743.82,319,26,6
376,CheckMate Gaming,3500.0,112,16,2
377,Cheeseadelphia,62000.0,44,9,9
378,CJ Media SuperFight,145361.0,14,10,6
379,Clash Royale Crown Championship,515000.0,27,3,3
380,Clash Royale League,1875460.37,166,15,7
381,Classic Tetris World Championship,15500.0,21,5,5
382,Climax of Night,7960.0,48,8,2
383,Coil Gaming,1322.4,101,21,2
384,Combo Breaker,341740.0,437,99,5
385,Community Effort Orlando,563133.63,711,198,15
386,Completo Arena,3231.95,26,46,1
387,COOL League,27687.44,53,7,7
388,Copenhagen Games,775621.81,623,52,10
389,Corsair Cup,12410.0,70,86,1
390,CS:GO Champions League,120000.0,124,7,1
391,Cyber Evolution,766409.96,1121,98,56
392,Cyber Sports Network,450.0,3,1,1
393,Cyberathlete Professional League,4044690.12,1307,110,56
394,CyberGamer,70332.35,126,32,9
395,Cyborg SC2-Inside Cup,6010.71,14,22,1
396,Deaf e-Sports League,580.31,65,8,6
397,Defiler Tour,8235.0,71,83,1
398,Dell Invitational Cup,5654.15,3,6,1
399,DemEyesRed Events,1250.0,10,6,2
400,Devastation,5000.0,26,7,4
401,Dota Pit League,1954001.0,247,14,10
402,Douyu Yule Cup,25022.2,16,4,1
403,Draft/Constructed League,2583.7,20,11,5
404,Dust2.dk,60627.64,115,30,3
405,East Coast Throwdown,53020.0,165,57,6
406,eFire Master League,25500.0,35,3,2
407,EIZO Cup,3223.54,24,10,1
408,Electronic Sports Festival,33298.15,105,14,2
409,Electronic Sports Global Tour,240744.0,40,1,1
410,Enter The Storm,43100.0,67,7,6
411,epic LAN,181868.82,444,99,29
412,Escape Gaming,103018.0,72,52,15
413,ESOCommunity,15402.0,59,25,3
414,Esports Arena,25000.0,175,31,2
415,Esports Balkan League,187755.3,177,8,6
416,eSports Global Network,34000.0,18,6,1
417,ESVision TV,3200.0,42,16,1
418,ETF2L,23809.61,105,15,14
419,European Gaming League,177728.33,176,42,13
420,European Gaming Organization,4538.8,30,5,1
421,Evolution Championship Series,1799554.22,529,172,28
422,eXTREMESLAND ZOWIE Asia,475022.86,415,30,4
423,Faeria World Circuit,4100.0,12,5,1
424,Fantasy Expo Challenge,406999.46,373,82,11
425,Farming Simulator League,158361.3,84,12,1
426,FIFA Interactive World Cup,574000.0,45,13,13
427,Final Round,135630.0,338,79,5
428,Finnish Esports League,56222.51,45,1,1
429,FLASHPOINT,1088000.0,117,4,1
430,Frag-o-Matic,42745.27,168,22,12
431,Fragbite,504792.99,461,41,16
432,Frostbite,42580.0,63,10,4
433,Frosty Faustings,116422.0,427,132,5
434,Full Bloom,25420.0,61,15,5
435,FXOpen Invitational Series,19500.0,30,6,1
436,Galaxy Battles,650000.0,71,2,2
437,Game Show League,633923.55,265,15,10
438,GameCreds,8746.45,34,64,1
439,Gamefy G-League,960952.43,221,46,13
440,GameGune,493743.81,260,21,17
441,Gamers Assembly,494293.58,835,120,13
442,Games Academy,127189.48,216,55,7
443,Gamez Invitational,1226.0,19,12,1
444,Gamplex XP League,4731.63,7,3,3
445,GENESIS,289695.04,262,48,7
446,GIGABYTE Cup,52439.47,159,43,4
447,Global Electronic Sports Championship,600000.0,65,2,2
448,Global Gaming League,121552.37,70,8,6
449,Global Loot League,1117000.0,421,27,12
450,GODSGARDEN,11322.76,11,4,4
451,GOML,71744.57,159,32,6
452,GosuGamers,44209.26,204,41,7
453,Gwent Masters,772200.0,51,16,2
454,GwentMania,3305.72,146,28,1
455,Halo Championship Series,1521000.0,100,21,13
456,Halo World Championship,4801052.63,159,26,8
457,Hellcase Cup,193741.0,196,8,1
458,Heroes Premier League,600.0,5,2,2
459,HFLAN,25261.71,76,22,14
460,Hitpoint Masters,34410.96,115,11,11
461,Hot Price League,12000.0,19,2,2
462,Hungarian National Esport Championship,12356.15,22,2,2
463,IeSF,274173.29,194,20,8
464,IGN Pro League,832500.0,337,66,18
465,ImbaTV,907986.66,167,9,6
466,InsaLan,20235.67,86,21,5
467,Insomnia Gaming Festival,1481707.54,1695,223,44
468,International e-Sports Festival,529048.59,140,26,10
469,International Electronic Sports Tournament,262583.15,58,9,5
470,International Esports Tournament,128793.6,58,3,1
471,Iron Squid,55000.0,15,8,2
472,JCG Premier League,31829.9,79,19,5
473,JJB Cup,73424.0,46,3,3
474,K1 League,181989.6,32,5,5
475,KBK Masters,57340.22,30,6,3
476,KeSPA Cup,684094.51,244,11,11
477,King of Nordic,116680.01,283,158,18
478,KODE5,206500.0,74,8,5
479,Kung Fu Cup,128112.63,99,69,9
480,LAN Arena,39599.16,69,7,2
481,Lan ETS,133091.62,189,43,9
482,LanCraft,13583.06,49,11,3
483,LanTrek,135474.24,273,49,9
484,League Championship Denmark,22758.71,56,6,3
485,League Greek Championship,70697.32,146,4,4
486,League of Legends Japan League,443108.1,56,11,6
487,Leifeng Cup,179348.14,164,183,2
488,Level|Up Series,62145.0,200,363,2
489,Lichess Titled Arena,44825.0,70,56,27
490,Liga de Videojuegos Profesional,361936.06,465,48,17
491,Liga Pro Gaming,31500.0,59,8,3
492,LoL Ladies Battle,24627.44,5,2,2
493,Long Haul League,786.0,16,8,4
494,LOOT.BET Cup,340000.0,236,19,1
495,Lord of the Arena,9000.0,9,3,3
496,LPLOL,87273.77,91,12,12
497,Lyon e-Sport,209702.63,139,10,6
498,Magnus Carlsen Chess Tour,1000000.0,25,5,1
499,Maine Smash Tournament Series,1045.0,11,9,3
500,MainlineGG Artifact,6500.0,42,13,2
501,Mass Madness,16522.0,76,37,16
502,Master's Coliseum,89367.2,35,6,5
503,Mayhem,6334.99,21,9,5
504,MČR,39400.58,122,14,5
505,MechWarrior Online World Championship,143490.0,0,1,1
506,MELEE-FC,24611.8,76,14,5
507,MembTV Events,64458.01,56,17,9
508,Merkur Masters,51328.55,57,10,1
509,Metaleak,7086.97,85,40,1
510,MetalHogs PUBG League,111167.8,47,3,2
511,Midas Mode,210000.0,83,5,2
512,MixBOT Pro-League Invite,6000.0,22,2,1
513,Mock-It eSports,11973.66,106,61,2
514,Momentum Cup,10000.0,60,49,3
515,Moo Proleague,29540.0,20,2,2
516,Moscow Cyber Stadium,51988.5,209,8,2
517,MSI Pro Cup,27897.06,26,19,14
518,MT League,1055.65,19,10,1
519,Mundo AoE,1915.7,23,4,4
520,Mythic Championship,4250000.0,164,7,2
521,National Electronic Sports Open,396015.73,95,23,6
522,National Electronic Sports Tournament,718109.17,249,14,7
523,NationWars,176426.75,79,8,7
524,NEO Star League,238154.91,76,11,9
525,Netolic Pro League,32159.11,73,10,3
526,NetParty Fyn,29943.97,87,15,5
527,Nexus Gaming,10912.17,105,63,2
528,NiceGameTV LoL Battle,575502.62,404,19,17
529,Nili_AoE Events,64919.62,44,45,8
530,NON STOP Energy League,3683.14,30,10,2
531,North American Star League,378000.0,76,25,6
532,NorthCon,61696.86,55,5,3
533,Northern Arena,300000.0,102,3,2
534,Northwest Majors,20070.0,206,62,6
535,Numericable M-House Cup,41505.21,31,8,5
536,NVIDIA Game Festival,91371.8,54,7,4
537,Obao Elite Challenge,74773.6,39,3,3
538,Occitanie Esports,55836.78,155,10,2
539,OlimoLeague,81917.51,107,256,65
540,Omega Sector Professional League,123232.14,289,49,6
541,One Nation of Gamers,8000.0,22,2,2
542,One Tap League,23546.96,35,5,1
543,ONPOONG StarCraft 2 Events,19217.35,48,27,2
544,OSC Championship,36032.21,128,8,2
545,Overwatch PIT Championship,70000.0,133,6,3
546,Parimatch League,200000.0,64,2,2
547,PGL,2647000.0,581,37,22
548,Player One Elite Series,15000.0,37,3,3
549,Point Blank International Championship,299000.0,107,3,3
550,Pound,73166.03,135,24,7
551,Pro Rivalry League,3900.0,47,26,1
552,ProDota Cup,251500.0,366,53,5
553,Professional Gamers League,148000.0,40,7,4
554,Proleague,1365602.01,261,29,9
555,PUBG Champions League,754425.26,116,3,3
556,Puzzle Battle World Championship,11510.0,9,3,1
557,PxL LAN,93470.44,292,59,37
558,QC Community Tournaments,16160.0,85,70,4
559,Quarterly Rapport,8855.0,230,74,2
560,RaidCall Dota 2 Open Cup,4500.0,31,9,2
561,RedRain Cup,29048.0,35,3,1
562,Reflex GT,32479.43,92,23,12
563,Revival of Melee,16044.99,40,14,7
564,RGL.gg,54459.0,471,31,20
565,RGN Pro Series,64600.0,102,8,4
566,RottiShowmatches SC2,3040.0,30,9,5
567,Rusaoc,2981.66,20,16,2
568,Russian e-Sports Cup,222339.45,127,9,4
569,SC2ONLINE Community Open,8440.0,75,113,1
570,SCAN Invitational,7876.73,16,5,1
571,Season's Beatings,3750.0,36,11,2
572,SECTOR: MOSTBET,80105.2,65,4,3
573,Shadowverse Open,31700.0,58,8,4
574,Shadowverse World Grand Prix,2817727.29,67,3,3
575,Shanghai Dota 2 Open,170102.6,74,3,2
576,SHOUTcraft Invitational,149368.0,89,21,20
577,Smash Masters League,86462.36,112,20,2
578,SMYM,12058.0,58,12,4
579,SoCal Regionals,135744.35,165,40,4
580,SOSPA Ranking Tournament,9100.76,11,18,18
581,SoStronk,11000.0,21,4,1
582,Special Force II Pro League,130250.0,0,3,3
583,Speed Chess Championship,309421.04,168,39,6
584,StarCraft II Regular Cup,7766.04,18,77,1
585,Stars War,141072.35,93,12,9
586,Storm League,48315.6,55,2,2
587,Street Fighter 25th Anniversary Global Tournament,156800.0,59,12,3
588,Summer Jam,27911.5,57,19,2
589,Super Smash Sundays,47910.0,86,113,56
590,Super Smash Sundays EC,1211.0,31,12,3
591,SWEET,25358.0,62,30,13
592,T90Official Events,75934.38,77,35,5
593,Taiwan eSports League,95036.28,31,7,3
594,TCS eSports League,6569.32,18,2,2
595,TeamLiquid StarLeague,142900.0,159,36,7
596,Techlabs Cup,258457.86,206,33,13
597,Telialigaen / Telenorligaen,136624.89,120,13,10
598,Temporada de Juegos,17807.31,96,6,4
599,Texas Showdown,0.0,103,16,1
600,The Big House,183809.5,188,41,9
601,The Fall Classic,22670.0,173,42,3
602,The Gauntlet SC2,4150.0,19,20,2
603,The GD Studio,21400.0,44,15,10
604,The Legion Clan Events,203870.0,192,61,35
605,The Party,8940.89,40,6,5
606,The Pinnacle (Fighting Games),22725.66,135,36,2
607,The Pinnacle (Hearthstone),20000.0,16,4,4
608,The Skirmish Invitational,5715.0,45,10,2
609,The World CS:GO Championships,200000.0,77,2,2
610,Tipped Off,44401.76,94,36,12
611,Titled Tuesday,162237.05,308,112,69
612,Topanga League,115825.15,15,6,6
613,Toryuken,7249.03,77,34,2
614,Tournament Go,4802.0,18,7,5
615,Trackmania Grand League,39655.22,14,20,3
616,Twitch Rivals,4348023.0,2038,103,34
617,TwitchCon,2500710.0,395,13,3
618,Ultimate Gaming Challenge,293488.11,178,20,10
619,Ultraliga,100848.03,92,7,4
620,Underdogs,131976.76,154,90,4
621,Uprise Champions Cup,91484.0,109,8,7
622,UTPL,3698.92,65,3,2
623,V4 Future Sports Festival,1566343.08,116,5,2
624,VALORANT Academy,7897.91,52,9,2
625,Vanguard Champion Series,21500.0,163,21,1
626,Viagame House Cup,70000.0,18,3,3
627,Video Gamers League,25350.0,24,8,7
628,Voobly Events,6900.0,43,6,5
629,Wednesday Night Melee,410.0,3,2,2
630,WePlay,1369896.0,369,24,16
631,West Coast Warzone,7780.0,22,9,2
632,World Cyber Arena,6665816.82,1031,93,24
633,World e-Sports Games,1411612.65,340,31,13
634,World Esports Games & Leagues,421346.1,137,9,4
635,World Puzzle League,4331.92,24,18,4
636,World Series of Video Games,869400.0,242,37,11
637,World Showdown of Esports,606500.0,175,10,9
638,X-Bet.co Rampage Series,28843.38,72,5,1
639,X5 Mega Arena,45924.25,162,12,5
640,Xanadu,91339.0,296,378,7
641,XLG,61017.58,135,15,7
642,YUZU Winter Challenge,6483.0,47,12,2
643,ZeratoR Cup,23529.84,19,10,2
